event_type,Rising Junior,Rising Senior,Rising Sophomore
alumni,0.6666666666666667,0.0,1.0
brotherhood,1.0,1.0,1.0
community_service,0.0,0.0,0.0
philanthropy,0.4666666666666667,0.0,0.5294117647058824
postgames,1.0,0.5454545454545454,1.0
pregames,1.0,0.5454545454545454,1.0
professional,1.0,0.5454545454545454,1.0
socials,1.0,1.0,1.0
