event_type,0
alumni,1.3076923076923077
brotherhood,0.5384615384615384
community_service,0.9230769230769231
philanthropy,0.8461538461538461
postgames,0.6923076923076923
pregames,0.6153846153846154
professional,1.0
socials,0.46153846153846156
