event_type,Rising Junior,Rising Senior,Rising Sophomore
alumni,3.666666666666667,2.9999999999999996,4.0
brotherhood,4.0,4.0,4.470588235294118
community_service,3.0,2.9999999999999996,2.9999999999999996
philanthropy,3.466666666666667,2.9999999999999996,3.5294117647058822
postgames,4.0,3.5454545454545454,4.0
pregames,4.0,3.5454545454545454,4.0
professional,4.0,3.5454545454545454,4.0
socials,5.0,4.545454545454545,5.0
