event_type,suggested_emphasis_score
socials,4.883720930232558
brotherhood,4.186046511627907
postgames,3.883720930232558
pregames,3.883720930232558
professional,3.883720930232558
alumni,3.6279069767441863
philanthropy,3.3720930232558137
community_service,3.0
